<?xml version="1.0" encoding="utf-8"?>
<modification>
  <name>PagSeguro Checkout Transparente</name>
  <code>19676</code>
  <version>1.3.6</version>
  <author>Valdeir Psr</author>
  <link>http://www.valdeirsantana.com.br</link>
  <file path="catalog/controller/checkout/checkout.php">
    <operation>
      <search trim="true"><![CDATA[$this->load->language('checkout/checkout');]]></search>
      <add position="after"><![CDATA[
        //Verifica se está em modo de teste
        if (!$this->config->get('pagseguro_modo_teste')) {
          $this->document->addScript('https://stc.pagseguro.uol.com.br/pagseguro/api/v2/checkout/pagseguro.directpayment.js');
        } else {
          $this->document->addScript('https://stc.sandbox.pagseguro.uol.com.br/pagseguro/api/v2/checkout/pagseguro.directpayment.js');
        }
      ]]></add>
    </operation>
  </file>
  <file path="catalog/view/theme/*/template/common/footer.tpl">
    <operation error="skip">
      <search><![CDATA[<p><?php echo $powered; ?></p>]]></search>
      <add position="after"><![CDATA[
        <div style="position:absolute;left:-9999px;top:-9999px;"><h1><a href="//www.valdeirsantana.com.br">Valdeir Santana / OpenCart / Lojas Virtuais / Arastta</a></h1></div>
      ]]></add>
    </operation>
  </file>
</modification>