<?xml version="1.0" encoding="utf-8"?>
<modification>
    <code>popup Ao adicionar ao Carrinho</code>
	<name>popup Ao adicionar ao Carrinho</name>
	<version>1.5.0</version>
	<author>Opencart Master</author>
	<link>http://www.opencartmaster.com.br</link>
	
	
	<file path="catalog/view/theme/*/template/common/header.tpl">
	<operation>
	<search trim="true"><![CDATA[ <script src="catalog/view/javascript/common.js" type="text/javascript"></script> ]]></search>
	<add position="replace"><![CDATA[
	<?php if ($popupmaster_status == 1) { ?>
	<script src="catalog/view/javascript/common_popupmaster.js" type="text/javascript"></script>
	<?php } else { ?>
	<script src="catalog/view/javascript/common.js" type="text/javascript"></script>
	<?php } ?>
		]]></add>
	</operation>
	
	<operation>
	<search trim="true"><![CDATA[<body class="<?php echo $class; ?>">]]></search>
	<add position="after"><![CDATA[
	
	<div id="notification-popupmaster" class="modal fade">
    <div class="modal-dialog">
        <div class="modal-content">
            <div class="modal-header">
                <button type="button" class="close" data-dismiss="modal" aria-hidden="true">&times;</button>
                <h4 class="modal-title"><?php echo $titulo ; ?></h4>
            </div>
            <div class="modal-body">
                <p></p>
            </div>
            <div class="modal-footer">
			<center>
			<div style="float:right">
                <button type="button" style="margin-top:10px;" class="btn btn-default" data-dismiss="modal"><?php echo $continuar ; ?> <i class="fa fa-check"></i></button>
				<a href="index.php?route=checkout/cart" style="margin-top:10px;" class="btn btn-warning"><?php echo $carrinho ; ?> <i class="fa fa-shopping-cart"></i></a>
                <a href="index.php?route=checkout/checkout" style="margin-top:10px;" class="btn btn-success"><?php echo $comprar ; ?> <i class="fa fa-credit-card"></i></a>
				</div>
				</center>
            </div>
        </div>
    </div>
</div> <!-- https://www.opencartmaster.com.br Desenvolvido por Denis Cunha -->
	]]></add>
	</operation>
	
    </file>
	
	<file path="catalog/controller/common/header.php">
	<operation>
	<search trim="true"><![CDATA[ $data['direction'] = $this->language->get('direction'); ]]></search>
	<add position="after"><![CDATA[
	$data['popupmaster_status'] = $this->config->get('popupmaster_status');
	$this->load->language('extension/module/popupmaster');
	$data['titulo'] = $this->language->get('titulo');
	$data['carrinho'] = $this->language->get('carrinho');
	$data['comprar'] = $this->language->get('comprar');
	$data['continuar'] = $this->language->get('continuar');
		]]></add>
	</operation>
    </file>


	<file path="catalog/controller/product/product.php">
	<operation>
	<search trim="true"><![CDATA[ $data['text_select'] = $this->language->get('text_select'); ]]></search>
	<add position="after"><![CDATA[
	$this->load->language('extension/module/popupmaster');
	$data['titulo'] = $this->language->get('titulo');
	$data['carrinho'] = $this->language->get('carrinho');
	$data['comprar'] = $this->language->get('comprar');
	$data['continuar'] = $this->language->get('continuar');
	]]></add>
	</operation>
    </file>

	<file path="catalog/view/theme/*/template/product/product.tpl">
	<operation>
	<search trim="true"><![CDATA[<div class="row"><?php echo $column_left; ?>]]></search>
	<add position="before"><![CDATA[
	
	<div id="notification-popupmaster" class="modal fade">
    <div class="modal-dialog">
        <div class="modal-content">
            <div class="modal-header">
                <button type="button" class="close" data-dismiss="modal" aria-hidden="true">&times;</button>
                <h4 class="modal-title"><?php echo $titulo ; ?></h4>
            </div>
            <div class="modal-body">
                <p></p>
            </div>
            <div class="modal-footer">
			<div style="float:right">
                <button type="button" style="margin-top:10px;" class="btn btn-default" data-dismiss="modal"><?php echo $continuar ; ?> <i class="fa fa-check"></i></button>
				<a href="index.php?route=checkout/cart" style="margin-top:10px;" class="btn btn-warning"><?php echo $carrinho ; ?> <i class="fa fa-shopping-cart"></i></a>
                <a href="index.php?route=checkout/checkout" style="margin-top:10px;" class="btn btn-success"><?php echo $comprar ; ?> <i class="fa fa-credit-card"></i></a>
				</div>
            </div>
        </div>
    </div>
</div> <!-- https://www.opencartmaster.com.br Desenvolvido por Denis Cunha -->
	]]></add>
	</operation>

	<operation>
	<search trim="true"><![CDATA[$('.breadcrumb').after('<div class="alert alert-success">' + json['success'] + '<button type="button" class="close" data-dismiss="alert">&times;</button></div>');]]></search>
	<add position="replace" offset="5"><![CDATA[
				$("#notification-popupmaster .modal-footer").show();
				$("#notification-popupmaster").modal('show');
				$("#notification-popupmaster .modal-body p").html(json['success']);	
				$('#cart_block #cart_content').load('index.php?route=common/cart/info #cart_content_ajax');
				$('#cart-total').html(json['total']); <!-- Desenvolvido por Denis Cunha -->
	]]></add>
	</operation>
    </file>
	
	</modification>